reviewId,hotelId,hotelName,source,submittedAt,checkInMonth,reviewer_name,reviewer_tier,reviewer_ipLocation,travelType,roomName,language,overallRating,ratingLabel,subRatings,reviewText,reviewTextTranslated,recommends,usefulCount,imagesCount,ownerResponse_text
1987243638,344983,Galaxy Hotel,trip,2026-06-16T22:46:35,2026-06,,Rising review star,,Family,Deluxe City Twin,zh,5,Outstanding,Cleanliness: 5.0; Location: 5.0; Service: 5.0; Facilities: 5.0,一直就很想來澳門銀河酒店，可惜的是我們入住當天雷雨警報，沒辦法玩水。期待落空。但住在銀河真的很便利，裡面吃喝玩樂都有，持澳門航空登機證還可以換取很多折扣及贈品，要去威尼斯人，大笨鐘，巴黎人～都很方便，睡一晚隔天還可以去官也街。很近。最難忘的是銀河飯店的床真的很好睡，房間很漂亮，乾淨，服務超級好。真的是五星級服務，帶著小孩入住還免費贈送小孩滔滔拖鞋，滔滔帳篷及滔滔娃娃。我的小孩開心的說銀河最好玩～^_^哈哈。下次再去澳門一定還會再入住銀河。我個人最喜歡的是還可以選擇你要的枕頭，我這次選擇了薰衣草睡眠枕還送枕頭噴霧 。都免費的，真的是物超所值。,"I've always wanted to stay at the Galaxy Macau, but unfortunately, there was a thunderstorm warning on the day we checked in, so we couldn't enjoy the water activities. It was a bit disappointing. However, staying at Galaxy is incredibly convenient; there are plenty of dining, entertainment, and shopping options available. Plus, if you show your Air Macau boarding pass, you can get many discounts and free gifts. It's also super easy to get to the Venetian, Big Ben, and Parisian from here. After a good night's sleep, we could even pop over to Rua do Cunha the next day, which is very close by. What I'll remember most is how incredibly comfortable the beds are at the Galaxy hotel. The room was beautiful and clean, and the service was absolutely fantastic. Truly five-star service! Since we were traveling with kids, they even gave us complimentary 'Toto' slippers, a 'Toto' tent, and a 'Toto' doll for them. My kids were thrilled and said Galaxy was the most fun! ^_^ Haha. I will definitely stay at Galaxy again next time I visit Macau. What I personally loved most was being able to choose my own pillow. This time, I picked the lavender sleep pillow and even received a free pillow mist. All complimentary, truly excellent value for money.",True,0,13,尊敬的客人，感謝您對我們的正面評價。我們很高興聽到您在酒店有很棒的體驗。我們希望在不久的將來再次為您們服務。 此致銀河酒店。
1975391399,344983,Galaxy Hotel,trip,2026-06-07T02:27:00,2026-06,Songsongshiyizhikeaidedaxiabae,Review Specialist,,Family,Deluxe City King,zh,5,Outstanding,Cleanliness: 5.0; Location: 5.0; Service: 5.0; Facilities: 5.0,帶寶寶來澳門玩了6次，第一次入住銀河酒店。銀河酒店太難定了，這次終於定到了兩晚。體驗真的太太太太好了！寶寶住到不想退房。每天小孩可以去二樓童樂坊玩倆小時，還可以全天去天浪淘園玩無限次。水上樂園的造浪池太好玩了，水質很乾凈，還可以挖沙。漂流也很好玩！照相也好好看啊。服務員態度也很好，每天還開夜床，補充房間需要的東西。提前還給寶寶準備了帳篷，玩具，床圍欄。衞生也搞的很乾凈。在銀河吃飯也很方便，翠華等餐廳都很好吃。購物也很方便。都不用出酒店了。大堂的大鑽石表演也很好看，寶寶每天都要看好多遍。下次來還要住銀河酒店。十分推薦！,"This was our first time staying at Galaxy Macau, even though we've brought our baby to Macau 6 times. It's usually so hard to get a room here, so we were thrilled to finally book two nights. And the experience? Absolutely amazing! Our baby didn't want to check out. Every day, the kids could enjoy the Kids' Club on the second floor for two hours, and we had unlimited access to the Grand Resort Deck all day long. The wave pool at the water park was so much fun, and the water was really clean – plus, you could even dig in the sand! The lazy river was also a blast, and it made for some great photos. The staff were wonderful; they even did turn-down service every evening and replenished everything we needed in the room. They had thoughtfully prepared a tent, toys, and a bed rail for our baby in advance. The room was also spotlessly clean. Dining at Galaxy was very convenient, with places like Tsui Wah offering delicious food. Shopping was also super easy. We didn't even need to leave the hotel! The Diamond Show in the lobby was captivating; our baby wanted to watch it multiple times a day. We'll definitely be staying at Galaxy Macau again next time. Highly recommended!",True,1,12,尊敬的客人，感謝您對我們的正面評價。聽到您與寶寶在童樂坊和天浪淘園玩得盡興，並對我們的娛樂設施感到滿意，這讓我們深受鼓舞。我們也很高興您認可我們提前安排的貼心服務，您的推薦是對我們最大的肯定。我們會繼續努力，期待您下次到訪澳門時再次入住銀河酒店！此致銀河酒店
1981298481,344983,Galaxy Hotel,trip,2026-06-12T01:10:37,2026-06,Gaomingguangsheng,Review Specialist,,Business traveller,Deluxe City King,zh,5,Outstanding,Cleanliness: 5.0; Location: 5.0; Service: 5.0; Facilities: 5.0,房間配了茶具很好，環境服務都滿意,"The room came with a great tea set, and I was very happy with both the environment and the service.",True,1,3,尊敬的客人，感謝您對我們的正面評價。得知您對房間茶具的配置以及整體環境和服務都感到滿意，我們倍感欣慰。您的認可是我們不斷提升的動力。我們會繼續努力，期待您下次到訪澳門時再次入住銀河酒店！此致銀河酒店
1979357898,344983,Galaxy Hotel,trip,2026-06-10T10:14:43,2026-06,,Rising review star,,Travelling with friends,Deluxe City King,th,5,Outstanding,Cleanliness: 5.0; Location: 5.0; Service: 5.0; Facilities: 5.0,"ดีมาก ดีทุกอย่าง ประทับใจ จะกลับไปอีก ใส่ใจทุกอย่าง
ดูแลดีมาก","Excellent! Everything was great, I'm very impressed and will definitely return. They paid attention to every detail and took great care of us.",True,1,1,"Dear Valued Guest,Thank you for your positive feedback. We are delighted to hear that you had a wonderful experience at our hotel and that you satisfied with our facilities. Your comments are truly our motivation!We look forward to the pleasure of serving you again in the near future.Yours sincerely,Galaxy Hotel"
1988629337,344983,Galaxy Hotel,trip,2026-06-18T07:41:54,2026-06,Ricky into the clouds,Review Specialist,,Family,Deluxe City King,zh,5,Outstanding,Cleanliness: 5.0; Location: 5.0; Service: 5.0; Facilities: 5.0,超棒的酒店體驗，交通方便，周邊吃的也很多，酒店的天樂淘園太好玩了，小朋友根本玩不夠，服務態度超好，酒店也保養的很好很乾凈，還有下一次！,"Fantastic hotel experience! It's conveniently located with plenty of food options nearby. The hotel's Tianletaoyuan (kids' club/play area) was a huge hit; my kids absolutely loved it and couldn't get enough. The service was excellent, and the hotel itself is very well-maintained and clean. We'll definitely be back!",True,0,2,尊敬的客人，非常感謝您對我們的正面評價。得知您對交通便利、周邊美食豐富以及天浪淘園的歡樂氛圍都感到滿意，我們倍感欣慰。尤其是小朋友在天樂淘園玩得盡興，這是我們最希望看到的畫面。我們會繼續努，期待您下次到訪澳門時再次選擇銀河酒店！此致 銀河酒店
1941359475,344983,Galaxy Hotel,trip,2026-05-08T20:26:09,2026-05,,Rising review star,,Family,Deluxe City King,zh,5,Outstanding,Cleanliness: 5.0; Location: 5.0; Service: 5.0; Facilities: 5.0,錯峯出行還是選擇了澳門銀河，辦理入住的Ella姐姐人超級好！根據我的實際情況辦理入住要求都可喲儘量滿足並有耐心的解答問題！還送了寶寶畫冊準備了帳篷，為銀河打call，遛娃天花板！,"Traveling during the off-peak season, I still chose Galaxy Macau. Sister Ella, who handled my check-in, was super nice! She really tried her best to accommodate my check-in requests based on my actual situation and patiently answered all my questions! She even gave my child a drawing book and prepared a tent. Big shout-out to Galaxy Macau, it's the ultimate place for kids!",True,1,4,尊敬的客人，感謝您選擇入住澳門銀河酒店 ，很高興聽到您與小朋友入住愉快並享受在童樂坊的玩耍時光。我們致力保持提供予不同年齡層的客人用品和提供的服務設施達到五星級超凡的水準，希望在不久的將來能夠再次為您服務。 此致 銀河酒店
1944272917,344983,Galaxy Hotel,trip,2026-05-11T15:38:23,2026-05,,Review Specialist,,Couple,Deluxe City King,zh,5,Outstanding,Cleanliness: 5.0; Location: 5.0; Service: 5.0; Facilities: 5.0,一個非常適合度假的酒店，什麼都不做躺在那裡也好舒服！服務人員都非常有禮貌，晚上出去吃個自助餐回來，也幫我收拾了一次房間，還細心地給我的眼睛提供了眼鏡布，服務超棒！！下次還來！,"This hotel is perfect for a vacation, so comfortable even just lounging around and doing nothing! The staff were all incredibly polite. After I went out for the buffet dinner, they even tidied up my room again and thoughtfully provided a lens cloth for my glasses. The service was superb! I'll definitely be back!",True,0,3,尊敬的客人: 感謝您選擇入住澳門銀河酒店。我們致力保持提供予不同年齡層的客人用品和提供的服務設施達到五星級超凡的水準，希望在不久的將來能夠再次為您服務。 此致 銀河酒店
1944118297,344983,Galaxy Hotel,trip,2026-05-11T12:55:39,2026-05,,Review Specialist,,Family,Deluxe City King,zh,5,Outstanding,Cleanliness: 5.0; Location: 5.0; Service: 5.0; Facilities: 5.0,銀河一直被推薦終於五一定到兩晚，想給超五星好評啊！入住就有人在大堂迎接，服務到位舒服，也按要求給了房間，也有帳篷和伴手禮，小朋友非常的開心！房間很大而且一塵不染，第一次見到酒店的玻璃沒有一絲水漬，桌面和窗台沒有一絲灰塵。第二天回房間，發現打掃的阿姨會把你所有的東西整理的整整齊齊，電線還用帶子綁好，絕了。另外天浪淘園和童樂坊也很好玩服務也很好，碰到工作人員都很熱情，下次來還住銀河！,"Galaxy has always been highly recommended, and I finally managed to book two nights for the May Day holiday – I want to give it a super five-star review! From the moment we checked in, there were staff welcoming us in the lobby, and the service was excellent and comfortable. They even gave us the room we requested, complete with a tent and welcome gifts, which made the kids incredibly happy! The room was very spacious and spotless. It's the first time I've seen a hotel with not a single water stain on the glass, and no dust on the tabletops or windowsills. When we returned to our room on the second day, we found that the cleaning staff had neatly organized all our belongings, even tying up the wires – absolutely amazing! Plus, the Grand Resort Deck and the Kids' Club were also a lot of fun, and the service was great. All the staff we encountered were very enthusiastic. I'll definitely stay at Galaxy again next time!",True,1,9,尊敬的客人: 感謝您選擇入住澳門銀河酒店 ，很高興聽到您與小朋友入住愉快並享受在天浪淘園和童樂坊的玩耍時光。我們致力保持提供予不同年齡層的客人用品和提供的服務設施達到五星級超凡的水準，希望在不久的將來能夠再次為您服務。 此致 銀河酒店
1936434015,344983,Galaxy Hotel,trip,2026-05-05T16:32:27,2026-04,,Review Specialist,,Family,Deluxe City Twin,zh,5,Outstanding,Cleanliness: 5.0; Location: 5.0; Service: 5.0; Facilities: 5.0,"奧門銀河酒店
2大2小天浪淘園門票:
酒店是帶寶寶省心的地方，吃喝玩樂一條龍全搞定，活動豐富多彩，住的省心玩的開心，是去奧門的最佳選擇。","Galaxy Macau Hotel

2 adults and 2 children, Grand Resort Deck tickets:

This hotel is a hassle-free place when traveling with kids. Everything from dining to entertainment is taken care of in one spot. The activities are diverse and plentiful, ensuring a worry-free stay and a joyful experience. It's truly the best choice for a trip to Macau.",True,1,3,尊敬的客人，感謝您對我們的正面評價。我們很高興聽到您在酒店有很棒的體驗。我們希望在不久的將來再次為您們服務。 此致銀河酒店
1942451739,344983,Galaxy Hotel,trip,2026-05-09T20:35:40,2026-04,,Review Specialist,,Family,Deluxe City King,zh,5,Outstanding,Cleanliness: 5.0; Location: 5.0; Service: 5.0; Facilities: 5.0,"澳門銀河酒店簡直是親子酒店天花板了。屬於全家人都一致特別滿意的酒店  

設施：跟工作人員説有帶了孩子之後工作人員佈置給安裝了帳篷床還送了很多很多小東西給小朋友不衹有親子的洗漱用品，還有娃娃拖鞋等等各種的東西，包括提出説要裝一個床位也很快的就幫忙裝好了，這裏感謝當時第一天接待的工作人員小哥
衞生：衞生方面也非常非常的滿意，客房服務人員感覺一天不止一掃，感覺一天都會打掃三次，不止是仔細地幫我們把物品擺好吧，垃圾清理更重要的是還對小朋友非常友好，還送了一些點心巧克力  
環境：免費的天浪桃源讓大人和小孩都感受到無限樂趣，即使是呆在酒店，一天也不會覺得無聊 另外就是酒店底下就是
服務：服務更是五星好評","Galaxy Macau Hotel is simply the best family-friendly hotel! My whole family was extremely satisfied with our stay.

**Facilities:** After telling the staff we had a child, they set up a tent bed and provided so many little extras for the kids, not just child-friendly toiletries, but also doll slippers and various other items. We also requested an extra bed, and they promptly set it up. A big thank you to the staff member who checked us in on the first day!

**Hygiene:** We were also very, very satisfied with the cleanliness. It felt like the housekeeping staff cleaned more than once a day, perhaps three times. Not only did they meticulously arrange our belongings and clear the trash, but they were also incredibly friendly to the children, even leaving them some snacks and chocolates.

**Environment:** The complimentary Grand Resort Deck offers endless fun for both adults and children. Even staying at the hotel all day, you won't get bored. Plus, the hotel is located directly above [missing information, perhaps a mall or attraction].

**Service:** The service definitely deserves five stars!",True,0,2,尊敬的客人:感謝您選擇入住澳門銀河酒店 ，很高興聽到您與小朋友入住愉快並享受在天浪淘園的玩耍時光。我們致力保持提供予不同年齡層的客人用品和提供的服務設施達到五星級超凡的水準，希望在不久的將來能夠再次為您服務。 此致 銀河酒店
1924979225,344983,Galaxy Hotel,trip,2026-04-26T19:33:19,2026-04,,Rising review star,,Family,Deluxe City Twin,zh,5,Outstanding,Cleanliness: 5.0; Location: 5.0; Service: 5.0; Facilities: 5.0,非常滿意此次銀河酒店之旅 我和家人一行四人長者小孩都得到了非常好的待遇 提前寫了郵件給我們兩個房間安排在了同樓層相鄰 提供了嬰兒圍欄 小童洗漱用品 小帳篷等 十分貼心 孩子玩的非常開心 酒店的環境設施都很好 天浪淘園小童樂園都非常親子好玩 服務人員態度都很好 接待時送了畫冊給孩子 下次還會再來銀河,"Extremely satisfied with our stay at the Galaxy Hotel. My family of four, including seniors and a child, received excellent treatment. I had emailed in advance, and they arranged our two rooms on the same floor, next to each other. They also provided a baby playpen, children's toiletries, and a small tent, which was incredibly thoughtful. The kids had a fantastic time. The hotel's environment and facilities are great, and the Grand Resort Deck and Kids' Club are very family-friendly and fun. The staff were all very polite and even gave the children coloring books during check-in. We will definitely be back to Galaxy!",True,1,4,尊敬的客人:感謝您選擇入住澳門銀河酒店 ，很高興聽到您與小朋友入住愉快並享受在天浪淘園和童樂坊的玩耍時光。我們致力保持提供予不同年齡層的客人用品和提供的服務設施達到五星級超凡的水準，希望在不久的將來能夠再次為您服務。 此致 銀河酒店
1914015774,344983,Galaxy Hotel,trip,2026-04-17T18:23:01,2026-04,,Review Specialist,,Solo traveller,Deluxe City King,zh,5,Outstanding,Cleanliness: 5.0; Location: 5.0; Service: 5.0; Facilities: 5.0,"入住時想住回像上次一樣看到浪池的房間，前台經理和服務人員們花了一點時間給我安排到了。 想遲點退房，酒店也答應了。 這裏沒有點經理和服務人員的名字以為他們每個服務態度都非常好。 
所以説一家好酒店不必送什麼早餐，禮物，禮卷等第。有時酒店送，客人根本用不上。酒店給客人最好的禮物就是盡心儘可能，去滿足客人的要求。 如果你常去旅遊，酒店人員有沒有盡心，你會看的出來。
銀河就是一家盡心盡力的好酒店。 會再入住。","When checking in, I wanted the same wave pool view room I had last time, and the front desk manager and staff took some time to arrange it for me. The hotel also agreed to my late check-out request. I'm not naming specific managers or staff because every single one of them provided excellent service.

This goes to show that a good hotel doesn't need to offer free breakfast, gifts, or vouchers. Sometimes, guests don't even use what's offered. The best gift a hotel can give its guests is to genuinely try their best to meet their requests. If you travel frequently, you'll be able to tell if hotel staff are truly dedicated.

Galaxy is a great hotel that goes above and beyond. I will definitely stay here again.",True,0,4,尊敬的客人，感謝您對我們的正面評價。我們很高興聽到您在酒店有很棒的體驗並對我們的服務留下深刻的印象。我們希望在不久的將來再次為您們服務。 此致銀河酒店。
1906151533,344983,Galaxy Hotel,trip,2026-04-10T22:14:51,2026-04,,Review Expert,,Booked for others,Deluxe City King,zh,5,Outstanding,Cleanliness: 5.0; Location: 5.0; Service: 5.0; Facilities: 5.0,給老闆朋友預訂的，地理位置優越，服務態度非常到位，符合他們要求，吃喝玩樂一應俱全，朋友們都説好，下次還會再預訂,"I booked this for my boss's friends. The location is excellent, and the service was impeccable, perfectly meeting their needs. Everything they could want for dining, entertainment, and activities was right there. My friends all raved about it and said they'd definitely book again next time.",True,0,4,尊貴的客人，  非常感謝您選擇銀河酒店並分享您的入住體驗！很高興得知您對酒店的地理位置、服務態度以及豐富的餐飲娛樂設施都感到滿意，並且您的朋友們也給予了高度評價。我們會繼續努力，提供更貼心、更完善的服務，期待您下次再次預訂，享受更加愉快的住宿體驗。此致 銀河酒店
1976048379,344983,Galaxy Hotel,trip,2026-06-07T17:33:53,2026-04,Daiwangpaolaipaoqu,Review Specialist,,Family,Deluxe City King,zh,5,Outstanding,Cleanliness: 5.0; Location: 5.0; Service: 5.0; Facilities: 5.0,在銀河的「童」樂坊，我們可以免費使用這個「童」樂坊。每間房最多容納兩位成人和兩位小童，玩水及各種娛樂設施超級推薦！下次還會再來玩，就是訂房有點難,"At the Galaxy Kid's Club, we get free access to all the fun! Each room accommodates up to two adults and two children, and I highly recommend the water park and other entertainment facilities! We'll definitely be back, though booking a room can be a bit tricky.",True,0,3,尊敬的客人，感謝您對我們的正面評價。很高興得知您和家人享受了我們的各種娛樂設施並且體驗滿意，得到您的認可我們感到非常的欣慰。我們會繼續努力，期待您下次到訪澳門時再次入住銀河酒店！此致銀河酒店
1908369459,344983,Galaxy Hotel,trip,2026-04-12T23:28:04,2026-04,,Rising review star,,Family,Deluxe City King,zh,5,Outstanding,Cleanliness: 5.0; Location: 5.0; Service: 5.0; Facilities: 5.0,"這次住房體驗很好，Teresa服務很好，笑容甜美，她給我們介紹了房間的配套，特別是可以挑選自己喜歡的枕頭，終於可以美美地睡上一覺，不會第二天起來肩頸疼。寄存行李時也剛好遇到Teresa，真的是太有緣了。
「童」在銀河的「童」樂坊和沖浪小孩特別喜歡，説下次再繼續住這裏","Our stay was wonderful, and Teresa provided excellent service with a sweet smile. She gave us a detailed introduction to the room's amenities, especially the pillow menu, which allowed us to choose our preferred pillows and finally get a great night's sleep without waking up with neck and shoulder pain. We even ran into Teresa again when checking our luggage, which felt like fate!

The kids absolutely loved the 'Kids' Club' at Galaxy and the surf activities. They said they definitely want to stay here again next time!",True,0,4,尊貴的客人，  非常感謝您選擇銀河酒店並分享您的入住體驗！很高興得知您在銀河酒店度過了愉快的時光，Teresa的甜美笑容和細緻服務讓您倍感温馨，特別是枕頭菜單的介紹幫助您找到合適的枕頭，享受了舒適的睡眠。能在寄存行李時再次遇見她，確實是非常有緣的時刻。我們也很高興聽到小朋友們在童樂坊和沖浪活動中玩得開心。您的肯定是我們團隊最大的動力，我們期待再次歡迎您和家人回到銀河酒店，創造更多美好的回憶。此致 銀河酒店
1897082519,344983,Galaxy Hotel,trip,2026-04-03T17:22:24,2026-03,,Rising review star,,Travelling with friends,Deluxe City King,zh,5,Outstanding,Cleanliness: 5.0; Location: 5.0; Service: 5.0; Facilities: 5.0,"衞生：乾淨整潔
環境：酒店位置好，去哪都方便
服務：服務態度好
免費使用「童」在銀河的「童」樂坊，每房限兩位成人及兩位小童","Hygiene: Clean and tidy
Environment: The hotel is well-located, convenient for getting around.
Service: Good service attitude.
Free access to the 'Tong Le Fang' (Children's Playroom) at 'Tong Zai Yin He' (Kids in the Galaxy), limited to two adults and two children per room.",True,0,3,尊敬的客人，感謝您選擇入住澳門銀河酒店，很高興聽到您與小朋友入住愉快並享受在童樂坊的玩耍時光。我們致力保持提供予不同年齡層的客人用品和提供的服務設施達到五星級超凡的水準，希望在不久的將來能夠再次為您服務。 此致 銀河酒店
1890903205,344983,Galaxy Hotel,trip,2026-03-29T14:23:10,2026-03,Yanzhaofeigeruhaichao,Review Specialist,,Family,Deluxe City Twin,zh,5,Outstanding,Cleanliness: 5.0; Location: 5.0; Service: 5.0; Facilities: 5.0,房間正對園景，景觀很好，安靜舒適。大堂鑽石秀很驚艷，有可愛的小姑娘帶我們去房間，主動幫我們拍照。早餐從七點到下午三點，半自助式，有西式早餐，也有粵式早點，還有川味擔擔麪，可以幫嗜辣人士解解饞。,"Our room faced the garden, offering a lovely view, and it was quiet and comfortable. The Diamond Show in the lobby was stunning, and a sweet young lady escorted us to our room and even offered to take our photos. Breakfast is served from 7 AM to 3 PM and is semi-buffet style. They have Western breakfast, Cantonese dim sum, and even Sichuan Dandan noodles, which is a great option for those who love spicy food.",True,1,3,尊敬的客人，非常感謝您抽出時間分享您的入住體驗。感謝您對我們前台服務的認可，也很高興看到您喜歡我們的早餐。得到您的肯定讓我們倍感欣慰。我們會繼續努力，期待您下次到訪澳門時再次選擇入住銀河酒店！此致 銀河酒店
1879994017,344983,Galaxy Hotel,trip,2026-03-18T17:41:37,2026-03,,Review Specialist,,Business traveller,Deluxe City Twin,zh,5,Outstanding,Cleanliness: 5.0; Location: 5.0; Service: 5.0; Facilities: 5.0,房間的裝修風格比較久遠，離巴黎人、倫敦人等熱門酒店有點距離，不過，在可接受範圍，樓下的娛樂人還是很多的，,"The room decor is a bit dated, and it's a bit of a walk from popular hotels like The Parisian and The Londoner, but it's still an acceptable distance. There are plenty of people enjoying the entertainment downstairs.",True,0,4,尊敬的客人，非常感謝您抽出時間回饋您的入住體驗。我們很高興聽到您在酒店有很棒的體驗。我們希望在不久的將來再次為您們服務。 此致銀河酒店
1874520826,344983,Galaxy Hotel,trip,2026-03-13T17:48:20,2026-03,MikaEmma,Rising review star,,Family,Deluxe City King,en,5,Outstanding,Cleanliness: 5.0; Location: 5.0; Service: 5.0; Facilities: 5.0,"Keya and Jim at the front desk were exceptional. We had a new born baby travelling with us and Keya was extremely well mannered by coordinating bell service and walked with us in to our beautifully baby-prepped room and showed us key amenities to enhance our stay -eg baby bottle warmer, kids towel, slippers, kids dental kit, shampoo/shower gel etc. The shopping arcade in the Galaxy Promenade was absolutely stunning, so clean and grand. Food selection was great and there is a huge Apple Store inside. Galaxy hotel also has a top tier hotel-guest only kids play area which is one of the best in the area. As a bonus, Galaxy hotel is located not too far from traditional old city streets with lots of top street food and historical building to take pictures （Rue de Cunha and surrounding areas). This is a great place to stay for all families. Our family felt so well taken care of and we will be back next time.",,True,1,5,"Dear Valued Guest, thank you very much for taking the time to share your experience with us. We are truly delighted to know that your stay at Galaxy was memorable and that our colleagues Keya and Jim were able to provide such thoughtful assistance during your visit with your newborn. Your kind words mean a lot to us, and we truly look forward to welcoming you back to Galaxy Hotel again in the future! Your Sincerely, Galaxy Hotel"
1902758410,344983,Galaxy Hotel,trip,2026-04-07T23:37:36,2026-04,,Rising review star,,Family,Deluxe Resort Twin,en,5,Outstanding,Cleanliness: 5.0; Location: 5.0; Service: 5.0; Facilities: 5.0,It was a fantastic experience. Kids loved the Wave Pool and others.,,True,0,1,"Dear Valued Guest,Thank you for your positive feedback. We are delighted to hear that you had a wonderful experience with your kid at our hotel and that you were satisfied with our facilities. Your comments are truly our motivation!We look forward to the pleasure of serving you again in the near future.Yours sincerely,Galaxy Hotel"
1884789737,344983,Galaxy Hotel,trip,2026-03-23T14:23:47,2026-02,,Review Specialist,,Family,Deluxe City King,zh,5,Outstanding,Cleanliness: 5.0; Location: 5.0; Service: 5.0; Facilities: 5.0,不愧是銀河，免費使用「童」在銀河的「童」樂坊，小朋友們玩的很開心，捨不得走。一次性洗漱用品都很高檔，有小朋友服務員還特意送了小朋友的沐浴露。樓下的露天泳池是恆温的，這是很多酒店做不到的，可惜我們知道的時候已經接近晚上了就沒有下水。小朋友們説，下次來還要住這個酒店。,"True to the Galaxy name, we got free access to the 'Kids' Club' at Galaxy, and the little ones had a blast, they didn't want to leave! The disposable toiletries were all high-end, and since we had kids, the staff even thoughtfully provided special children's shower gel. The outdoor pool downstairs is heated, which is something many hotels don't offer. Unfortunately, by the time we found out, it was almost evening, so we didn't get a chance to swim. The kids are already saying they want to stay at this hotel again next time!",True,1,4,尊敬的客人：感謝您選擇入住澳門銀河酒店。我們很高興得知您和孩子在此度過了愉快的時光，並享受了童樂坊的玩樂體驗。我們一直致力於為不同年齡層的客人提供高品質的用品和五星級的服務設施。期待在不久的將來再次為您服務。此致 銀河酒店
1848595917,344983,Galaxy Hotel,trip,2026-02-18T17:01:53,2026-02,,Rising review star,,Family,Deluxe City King,zh,5,Outstanding,Cleanliness: 5.0; Location: 5.0; Service: 5.0; Facilities: 5.0,真的超出意料，服務超級暖心，還升級了房間，太棒了，對小孩子也超級友善，下次來還會住這！！！,"This hotel really exceeded my expectations! The service was incredibly warm and friendly, and they even upgraded my room, which was fantastic. They're also super welcoming to children. I'll definitely stay here again on my next visit!",True,0,1,尊敬的客人， 非常感謝您對我們的正面評價。很高興看到您對酒店的喜愛，尤其是對我們貼心服務和房間的認可，我們深感榮幸。 您的認可是我們不斷進步的動力，期待您下次到訪澳門時再次入住銀河酒店！ 此致 銀河酒店
1847714365,344983,Galaxy Hotel,trip,2026-02-17T15:11:44,2026-02,Fengxingtianxia_1980,Review Specialist,,Family,Deluxe City Twin,zh,5,Outstanding,Cleanliness: 5.0; Location: 5.0; Service: 5.0; Facilities: 5.0,免費使用「童」在銀河的「童」樂坊，每房限兩位成人及兩位小童:位置方便，房間打掃及時,"Free access to 'Kids' Club' at Galaxy for in-house guests (limited to two adults and two children per room): Convenient location, and the room was cleaned promptly.",True,0,1,尊敬的客人，感謝您對我們的正面評價。我們很高興聽到您在酒店有很棒的體驗。我們希望在不久的將來再次為您們服務。 此致銀河酒店。
1858476915,344983,Galaxy Hotel,trip,2026-02-26T10:05:58,2026-02,fox7li,Review Specialist,,Family,Deluxe City King,zh,5,Outstanding,Cleanliness: 5.0; Location: 5.0; Service: 5.0; Facilities: 5.0,房間乾淨，酒店設施齊全，特別是泳池和水上樂園非常棒，吃飯和購物也很方便，樓下有很多選擇，和凼仔老街也非常近，過條馬路就到,"The room was clean and the hotel facilities were excellent, especially the pool and water park. Dining and shopping were also very convenient, with many options downstairs. It's also very close to Taipa Old Village, just across the road.",True,0,3,尊敬的客人，感謝您對我們的正面評價。我們很高興聽到您在酒店有很棒的體驗並對我們的設施配套及員工的服務態度感到滿意。您的評論成就我們的動力！我們希望在不久的將來再次為您服務。此致銀河酒店
1852256749,344983,Galaxy Hotel,trip,2026-02-21T23:05:59,2026-02,Dabaohexiaobaoshangyoueryuan,Review Specialist,,Family,Deluxe City Twin,zh,5,Outstanding,Cleanliness: 5.0; Location: 5.0; Service: 5.0; Facilities: 5.0,"設施：有點老舊，但保養的還是非常好

衞生：真的很乾凈，每個細節都很乾凈
環境：酒店環境很好，二樓有室外游泳池，整個酒店都有很好聞的香氛味

免費使用「童」在銀河的「童」樂坊，每房限兩位成人及兩位小童:帶娃放電好去處
 和酒店要求，給娃搭了帳篷，真的很用心，帳篷裏有床墊，小枕頭，小被子，還有玩偶，娃很喜歡","Facilities: A bit old, but very well maintained.

Cleanliness: Really clean, every detail was spotless.
Environment: The hotel environment is great. There's an outdoor swimming pool on the second floor, and the entire hotel has a lovely fragrance.

Complimentary access to the 'Kid's Club' at Galaxy for up to two adults and two children per room: A great place for kids to burn off energy.
Upon request, the hotel set up a tent for our child, which was very thoughtful. It had a mattress, a small pillow, a small blanket, and even a stuffed animal. Our child loved it!",True,0,3,尊敬的客人，感謝您對我們的正面評價。我們很高興聽到您在酒店有很棒的體驗並對我們的設施配套及房間感到滿意。您的評論成就我們的動力！我們希望在不久的將來再次為您服務。此致銀河酒店
1991741241,1286148,北京索菲特大酒店,ctrip,2026-06-20T20:59:35,2026-06,,点评达人,发布于北京,独自旅行,豪华家庭套房,CN,5,超棒,Cleanliness: 5.0; Location: 5.0; Service: 5.0; Facilities: 5.0,本次入住体验超满意，客房干净住着舒心！总机Golden耐心周到，Dream细心贴心，Julia温柔有礼，JoJo热情周到，Zagiri处事稳妥，Luna和善亲切，Rachel专业高效，全员服务暖心到位，入住倍感舒心，一定会再来！,,True,0,2,
1989893179,1286148,北京索菲特大酒店,ctrip,2026-06-19T12:43:25,2026-06,,点评新星,发布于北京,独自旅行,豪华大床房,CN,5,超棒,Cleanliness: 5.0; Location: 5.0; Service: 5.0; Facilities: 5.0,前台员工Destin服务真的超赞！抵达酒店时帮忙拎行李，讲解酒店配套设施，入住手续办理流畅不拖沓，说话温和有耐心，遇到小问题第一时间帮忙解决，待人真诚，凭借优质服务让这次住宿体验大大加分。,,True,0,3,尊敬的宾客您好，首先感谢您选择下塔北京索菲特大酒店并与我们分享您的入住体验，我会将您的认可与整个酒店服务团队一起分享，我们将继续努力，不断创造更优质的入住体验，再次感谢您对我们的高度评价，我们期待着在不久将来再次能为您服务，祝您生活愉快！
1984833611,1286148,北京索菲特大酒店,ctrip,2026-06-15T01:21:59,2026-06,,点评达人,发布于北京,情侣出游,豪华大床房,CN,5,超棒,Cleanliness: 5.0; Location: 5.0; Service: 5.0; Facilities: 5.0,"非常不错，酒店在北京的核心区域 去国贸 王府井都很方便 离各个景点也不远 
酒店的浴缸非常有特色 圆形的 躺着很舒服
吃早餐的时候把眼镜盒落在餐厅里了，一回房间就有工作人员联系我，非常及时",,True,0,1,尊敬的宾客您好，首先感谢您选择下塔北京索菲特大酒店并与我们分享您的入住体验，我会将您的认可与整个酒店服务团队一起分享，我们将继续努力，不断创造更优质的入住体验，再次感谢您对我们的高度评价，我们期待着在不久将来再次能为您服务，祝您生活愉快！
1980427019,1286148,北京索菲特大酒店,ctrip,2026-06-11T08:42:39,2026-05,,点评新星,发布于辽宁,家庭亲子,豪华大床房,CN,5,超棒,Cleanliness: 5.0; Location: 5.0; Service: 5.0; Facilities: 5.0,完美的体验，特此感谢前厅部leo经理的精心安排，一家人住的很好，玩完回来每天都睡得很香，太舒服了，还有接线员小姑娘的帮忙很及时，礼宾小伙子也很好，帮我们寄快递 还发我快递单号，真的很热情，下次一定还来,,True,0,3,尊敬的宾客您好，首先感谢您选择下塔北京索菲特大酒店并与我们分享您的入住体验，我会将您的认可与整个酒店服务团队一起分享，我们将继续努力，不断创造更优质的入住体验，再次感谢您对我们的高度评价，我们期待着在不久将来再次能为您服务，祝您生活愉快！
1954232949,1286148,北京索菲特大酒店,ctrip,2026-05-20T11:41:46,2026-05,乖乖的小宝贝,点评专家,发布于海南,家庭亲子,豪华双床房,CN,5,超棒,Cleanliness: 5.0; Location: 5.0; Service: 5.0; Facilities: 5.0,每年都来北京去一趟环球，前年偶然住到了索菲特，因为遇到问题添加了leo的微信，这两年过来都会提前联系他帮我们安排，今年也一样安排的很好，已经是北京必选，房间够大，一家人住不拥挤，唯一问题就是没有投屏不是很方便，其他都很好，地铁几分钟走路就能到！,,True,0,3,尊敬的宾客：您好！非常感谢您的入住与赞赏！很高兴能为您的出游带来美好的时光。您的赞赏给予酒店很大的鼓舞，也是我们进步的动力，我们会继续保持热忱，致力让每一位宾客享有宾至如归的入住感受，热切期待您的再次光临！欢迎您再回来体验，祝生活愉快
1951759877,1286148,北京索菲特大酒店,ctrip,2026-05-18T09:44:16,2026-05,,点评新星,发布于山西,家庭亲子,豪华双床房,CN,5,超棒,Cleanliness: 5.0; Location: 5.0; Service: 5.0; Facilities: 5.0,"跨越十七年，服务暖如初——致索菲特酒店的深情致谢
 
时光匆匆，岁月流转，有些美好遇见，即便时隔多年，依旧会在心底熠熠生辉；有些品牌温度，即便跨越漫长光阴，依旧能坚守初心、温暖如初。于我而言，索菲特这三个字，便是藏在岁月里、刻在记忆中，跨越十七年从未褪色的温柔与惊艳。
 
我是一名山西省省级机关的公务员，平日里工作严谨务实，出差履职亦是常态。可2009年11月的海南博鳌之行，入住博鳌索菲特酒店的那段经历，却成了我十几年人生里，最难以忘怀的旅居美好，至今回想起来，依旧满心温暖与赞叹。
 
彼时因公出差，我被安排入住海南博鳌索菲特酒店，踏入酒店的那一刻，便被极致的质感深深折服。酒店整体装潢富丽堂皇、大气恢弘，处处透着高端雅致的格调，各类硬件设施先进完备、贴心周全，尽显五星级酒店的不凡品质。酒店内部楼宇布局精巧，一条环形廊道蜿蜒舒展，我初到之时，沿着廊道慢慢踱步欣赏，竟足足走了二十分钟，都没能找到自己的房间，足见酒店规模之阔、布局之精致，也让我初次见识到它的大气与不凡。
 
酒店的绝佳区位，更是让人流连忘返。我的客房距离海边不过百余米，推窗便能望见无垠蓝海，入夜之后，枕着轻柔海风、伴着阵阵涛声入眠，白日工作的疲惫尽数消散，只剩满心的惬意与安然。酒店后方还坐拥三四十口特色药疗温泉池，每一眼温泉都以中药材命名，黄芪、枸杞、人参等滋养药材融入温泉水中，温润养身。结束一天的工作与餐食后，置身暖意融融的中药温泉里，看椰风海韵、享身心舒缓，那份闲适与治愈，是寻常旅居从未有过的体验。
 
最让我动容的，是酒店刻入骨子里的极致服务。入住期间，我无意间看到客房内的应急拉绳，便抱着试探的心态轻轻拉动，本以为只是应急摆设，没想到短短不到5分钟，酒店工作人员便迅速赶到，态度谦和、应答专业，全程耐心细致、毫无怨言。这一次小小的试探，让我真切感受到，索菲特的优质从不是表面排场，而是落实在每一处细节、每一秒响应里的责任与担当。
 
彼时的博鳌索菲特，无论是奢适的居住环境、得天独厚的区位优势，还是贴心入微的暖心服务，都完美契合了高端旅居的所有想象，也把“索菲特”三个字，深深烙进了我的记忆深处。可遗憾的是，后来这家承载我美好回忆的酒店，正式更名为博鳌亚洲论坛大酒店，再也不见“索菲特”的名号，那段极致美好的旅居体验，也成了我心底一段无法复刻的旧时光，每每想起，都满是惋惜。
 
本以为，这份十七年前的美好，终究只能留在回忆里。没想到，十七年之后，缘分竟再次悄然降临。
 
2026年，我带着家人一同前往北京游玩，面对市面上众多五星级酒店，我一时纠结难选。在众多品牌中，索菲特三个字蓦然映入眼帘，瞬间勾起了我深埋十七年的温暖记忆。心底既有怀念，也有期许：时隔十七年，当年的那份极致美好，还能复刻吗？抱着这份忐忑与期待，我毅然选择了北京索菲特酒店。
 
而事实证明，我的选择没有错，索菲特也从未辜负我的信任。
 
办理入住时，酒店话务员Luna贴心又热忱，得知我们是全家出行，主动为我们免费将普通房型升级为宽敞舒适的家庭套房，极大提升了全家的入住体验；考虑到我们携娃出行、行程不便，又特意为我们申请了退房时间顺延，免去了匆忙收拾、赶点退房的局促。没有刻意的客套，没有繁琐的流程，只是设身处地为客人着想，用实实在在的贴心举措，让我感受到了扑面而来的善意与暖意。
 
十七年光阴，足以改变很多事物，足以让很多记忆慢慢淡去，可索菲特的品牌匠心与服务初心，却从未有过半分改变。十七年前，博鳌海边，它用极致环境与迅捷服务，给我留下毕生难忘的出差回忆；十七年后，北京京城，它用贴心升级与暖心便利，让我重温了当年的那份感动与认可。
 
从海南博鳌到北京都城，从2009到2026，跨越十七载风雨，变的是时空距离、是旅居场景，不变的是索菲特始终如一的品牌品质、是镌刻在服务骨子里的真诚与专业。它不只是一家酒店品牌，更是一种值得信赖的品质承诺，是一份跨越时光依旧温暖的匠心坚守。
 
十七年岁月如梭，初心未改；十七载山海相隔，温暖依旧。感谢索菲特，在我因公履职的时光里，留下一段极致美好的滨海回忆；感谢索菲特，在我陪伴家人的旅途上，送上一份贴心入微的暖心礼遇。这段跨越十七年的双向奔赴，这份历经时光淬炼的品质坚守，早已成为我人生旅途里，一抹温柔又闪亮的亮色。
 
往后余生，但凡出行，索菲特依旧是我心底最笃定、最安心的选择。致敬这份跨越时光的美好，感恩这份始终如一的温暖",,True,0,3,尊敬的宾客您好，非常感谢您选择下榻北京索菲特大酒店并抽出宝贵的时间给予我们好评，谢谢您的分享与支持，能得到您的喜爱与赞扬，我们感到十分温暖，酒店地处二环，交通便利，步行可至1号线和2号线地铁，出行便捷，我们将秉承一贯热情的服务，期待在不久的将来再次给您更优质的入住体验！
1956806791,1286148,北京索菲特大酒店,ctrip,2026-05-22T16:58:22,2026-05,,点评新星,发布于湖南,家庭亲子,豪华大床房,CN,5,超棒,Cleanliness: 5.0; Location: 5.0; Service: 5.0; Facilities: 5.0,这次来北京入住索菲特整体体验超棒，地理位置便利，房间干净，前台工作人员待人亲切友善，Miya服务细致贴心，响应及时。居住安静舒适，休息质量很好，入住体验感极佳，出行住宿首选，强烈推荐入住^_^,,True,0,3,尊敬的宾客：您好！非常感谢您的入住与赞赏！很高兴能为您的出游带来美好的时光。您的赞赏给予酒店很大的鼓舞，也是我们进步的动力，我们会继续保持热忱，致力让每一位宾客享有宾至如归的入住感受，热切期待您的再次光临！欢迎您再回来体验，祝生活愉快
1975952049,1286148,北京索菲特大酒店,ctrip,2026-06-07T16:03:22,2026-06,,点评专家,发布于上海,独自旅行,豪华大床房,CN,5,超棒,Cleanliness: 5.0; Location: 5.0; Service: 5.0; Facilities: 5.0,初次入住就被圈粉，整体环境静谧宜人，房间收拾得一尘不染。服务人员彬彬有礼，前台leah抱办理入住很快，推荐，响应及时。硬件设施完善，居住感受极佳，值得反复打卡。,,True,0,3,尊敬的宾客：您好！非常感谢您的入住与赞赏！很高兴能为您的出游带来美好的时光。您的赞赏给予酒店很大的鼓舞，也是我们进步的动力，我们会继续保持热忱，致力让每一位宾客享有宾至如归的入住感受，热切期待您的再次光临！欢迎您再回来体验，祝生活愉快
1965062761,1286148,北京索菲特大酒店,ctrip,2026-05-29T23:13:52,2026-05,,点评专家,发布于广东,独自旅行,豪华大床房,CN,5,超棒,Cleanliness: 5.0; Location: 5.0; Service: 5.0; Facilities: 5.0,酒店整体环境雅致大气，房间空间宽敞，洗漱用品品质不错。夜间十分安静，睡了一个好觉，入住体验很好。服务人员leah roc 礼貌友善，办事高效，各方面都很满意，值得再次入住！,,True,0,3,尊敬的宾客：您好！非常感谢您的入住与赞赏！很高兴能为您的出游带来美好的时光。您的赞赏给予酒店很大的鼓舞，也是我们进步的动力，我们会继续保持热忱，致力让每一位宾客享有宾至如归的入住感受，热切期待您的再次光临！欢迎您再回来体验，祝生活愉快
1979557431,1286148,北京索菲特大酒店,ctrip,2026-06-10T14:59:47,2026-06,,点评专家,发布于辽宁,其他,索菲特俱乐部大床房,CN,5,超棒,Cleanliness: 5.0; Location: 5.0; Service: 5.0; Facilities: 5.0,"尽赏落日余晖 | 晚间欢乐时光@1层行政酒廊:一楼大堂吧和酒廊是在一起的，有简单的晚餐供应。
索菲特俱乐部 Club Millesime | 咖啡/茶/软饮畅饮@乐廊大堂吧 Le Bistro:大堂吧可以用。
服务：主管马闯，陈爱，服务员小王，小庆很耐心周到。前台李琳琳经理体贴温柔！",,True,0,6,尊敬的宾客您好，首先感谢您选择下塔北京索菲特大酒店并与我们分享您的入住体验，我会将您的认可与整个酒店服务团队一起分享，我们将继续努力，不断创造更优质的入住体验，再次感谢您对我们的高度评价，我们期待着在不久将来再次能为您服务，祝您生活愉快！
1975989755,1286148,北京索菲特大酒店,ctrip,2026-06-07T16:35:11,2026-06,,点评新星,发布于北京,家庭亲子,豪华双床房,CN,5,超棒,Cleanliness: 5.0; Location: 5.0; Service: 5.0; Facilities: 5.0,11楼的服务员态度挺好的，我早上起不来的时候还会和我奶奶聊天，老人家觉少，早上起来得早，每天打扫卫生的那个人帮奶奶拿了不少东西的，体验不错。啊，泡澡也挺舒服的。,,True,0,3,尊敬的宾客：您好！非常感谢您的入住与赞赏！很高兴能为您的出游带来美好的时光。您的赞赏给予酒店很大的鼓舞，也是我们进步的动力，我们会继续保持热忱，致力让每一位宾客享有宾至如归的入住感受，热切期待您的再次光临！欢迎您再回来体验，祝生活愉快
1971248997,1286148,北京索菲特大酒店,ctrip,2026-06-03T14:14:42,2026-05,,点评新星,发布于天津,情侣出游,豪华双床房,CN,5,超棒,Cleanliness: 5.0; Location: 5.0; Service: 5.0; Facilities: 5.0,外出不慎遗失随身小件物品，返回酒店求助Destin，他耐心协助调取查找，全程积极帮忙联络，处事认真负责，待人真诚热忱，暖心服务化解了我的焦虑，整趟住宿体验格外舒心。,,True,0,3,尊敬的宾客：您好！非常感谢您的入住与赞赏！很高兴能为您的出游带来美好的时光。您的赞赏给予酒店很大的鼓舞，也是我们进步的动力，我们会继续保持热忱，致力让每一位宾客享有宾至如归的入住感受，热切期待您的再次光临！欢迎您再回来体验，祝生活愉快
1936396077,1286148,北京索菲特大酒店,ctrip,2026-05-05T16:18:57,2026-04,,点评新星,发布于北京,情侣出游,豪华大床房,CN,5,超棒,Cleanliness: 5.0; Location: 5.0; Service: 5.0; Facilities: 5.0,我觉得值得很舒服，客房服务都很好，打扫及时，没有网友们说的很老啊什么的，床头的也没有掉漆皮啊，原本看到**说的要吓死😦去了发现完全没有的事，特别多的镜子，适合情侣来hhh，就是唯一美中不足没有洗衣房🥹要花钱洗衣服,,True,1,1,尊敬的宾客：您好！非常感谢您的入住与赞赏！很高兴能为您的出游带来美好的时光。您的赞赏给予酒店很大的鼓舞，也是我们进步的动力，我们会继续保持热忱，致力让每一位宾客享有宾至如归的入住感受，热切期待您的再次光临！欢迎您再回来体验，祝生活愉快
1929386639,1286148,北京索菲特大酒店,ctrip,2026-04-30T07:31:09,2026-04,昭昭vvvv,点评达人,发布于北京,独自旅行,索菲特俱乐部大床房,CN,5,超棒,Cleanliness: 5.0; Location: 5.0; Service: 5.0; Facilities: 5.0,"索菲特你就宠我吧啊啊啊啊啊又给我升到大套房了我亲亲亲亲💋晚上踩着行政酒廊关闭的点去急头白脸吃了一顿快哉快哉，诡秘们这个上午的窗景真的特别好看，我住的是2105朋友说这个客厅的窗户能看到一个挺有名的楼（我忘了），p1那个烧麦特别好吃你们都去吃，🦐很新鲜
下次还会来的！",,True,0,5,尊敬的宾客您好，非常感谢您选择下榻北京索菲特大酒店并抽出宝贵的时间给予我们好评，谢谢您的分享与支持，能得到您的喜爱与赞扬，我们感到十分温暖，酒店地处二环，交通便利，步行可至1号线和2号线地铁，出行便捷，我们将秉承一贯热情的服务，期待在不久的将来再次给您更优质的入住体验！
1976964641,1286148,北京索菲特大酒店,ctrip,2026-06-08T11:26:10,2026-06,,点评专家,发布于广东,独自旅行,豪华大床房,CN,5,超棒,Cleanliness: 5.0; Location: 5.0; Service: 5.0; Facilities: 5.0,第一次来京，选酒店选的眼花缭乱的，最后定的索菲特，服务体验必须给满分，不止是五星级的服务，全程都是ella小姐姐帮我，像我的管家，喜欢这样的服务,,True,0,3,尊敬的宾客：您好！非常感谢您的入住与赞赏！很高兴能为您的出游带来美好的时光。您的赞赏给予酒店很大的鼓舞，也是我们进步的动力，我们会继续保持热忱，致力让每一位宾客享有宾至如归的入住感受，热切期待您的再次光临！欢迎您再回来体验，祝生活愉快
1965067829,1286148,北京索菲特大酒店,ctrip,2026-05-29T23:27:09,2026-05,,点评达人,发布于广东,商务出差,豪华大床房,CN,5,超棒,Cleanliness: 5.0; Location: 5.0; Service: 5.0; Facilities: 5.0,入住体验十分满意，设施齐全且保养得很好，卫浴热水充足。环境卫生做得细致，工作人员leah  态度亲和。性价比在线，环境安静不嘈杂，是出行住宿的好选择。,,True,0,3,尊敬的宾客：您好！非常感谢您的入住与赞赏！很高兴能为您的出游带来美好的时光。您的赞赏给予酒店很大的鼓舞，也是我们进步的动力，我们会继续保持热忱，致力让每一位宾客享有宾至如归的入住感受，热切期待您的再次光临！欢迎您再回来体验，祝生活愉快
1984771145,1286148,北京索菲特大酒店,ctrip,2026-06-14T22:30:14,2026-06,,点评达人,发布于北京,家庭亲子,豪华双床房,CN,5,超棒,Cleanliness: 5.0; Location: 5.0; Service: 5.0; Facilities: 5.0,非常好，这次升级1705房间，17楼两位主管，服务员非常热情，孩子早上流鼻血弄到床上，服务员大姐热情换新的床单，很好下次还住,,True,0,3,尊敬的宾客您好，首先感谢您选择下塔北京索菲特大酒店并与我们分享您的入住体验，我会将您的认可与整个酒店服务团队一起分享，我们将继续努力，不断创造更优质的入住体验，再次感谢您对我们的高度评价，我们期待着在不久将来再次能为您服务，祝您生活愉快！
1966322957,1286148,北京索菲特大酒店,ctrip,2026-05-30T19:45:14,2026-05,,点评专家,发布于广东,独自旅行,豪华大床房,CN,5,超棒,Cleanliness: 5.0; Location: 5.0; Service: 5.0; Facilities: 5.0,入住体验非常好！房间非常干净和整齐，很通透采光也很棒！床品很高级睡得很舒服，工作人员Leah Rebecca服务非常热情周到，有问题很快响应。地理位置也很不错、出行非常便利，性价比拉满！下次来北京还要住这里！！😆,,True,0,3,尊敬的宾客：您好！非常感谢您的入住与赞赏！很高兴能为您的出游带来美好的时光。您的赞赏给予酒店很大的鼓舞，也是我们进步的动力，我们会继续保持热忱，致力让每一位宾客享有宾至如归的入住感受，热切期待您的再次光临！欢迎您再回来体验，祝生活愉快
1933449629,1286148,北京索菲特大酒店,ctrip,2026-05-03T17:38:38,2026-04,,点评新星,发布于安徽,家庭亲子,索菲特俱乐部双床房,CN,5,超棒,Cleanliness: 5.0; Location: 5.0; Service: 5.0; Facilities: 5.0,酒店位子很方便，办理入住Sunny人很好，帮我们安排了早餐，该有的一一告诉我们，酒店打扫卫生的阿姨和服务人员都很好，夸夸5.1号晚上的帮我做咖啡那个小哥和Sunny应该多加奖,,True,1,3,尊敬的宾客您好，非常感谢您选择下榻北京索菲特大酒店并抽出宝贵的时间给予我们好评，谢谢您的分享与支持，能得到您的喜爱与赞扬，我们感到十分温暖，酒店地处二环，交通便利，步行可至1号线和2号线地铁，出行便捷，我们将秉承一贯热情的服务，期待在不久的将来再次给您更优质的入住体验！
1961384671,1286148,北京索菲特大酒店,ctrip,2026-05-26T16:07:50,2026-05,,点评达人,发布于上海,商务出差,豪华双床房,CN,5,超棒,Cleanliness: 5.0; Location: 5.0; Service: 5.0; Facilities: 5.0,位置很好找，出门逛街吃饭都方便。房间干净整洁，床睡着很舒服，Miya 服务也热情，退房后有遗留物品Miya 帮忙邮寄，整体体验不错，下次还会来。,,True,0,3,尊敬的宾客：您好！非常感谢您的入住与赞赏！很高兴能为您的出游带来美好的时光。您的赞赏给予酒店很大的鼓舞，也是我们进步的动力，我们会继续保持热忱，致力让每一位宾客享有宾至如归的入住感受，热切期待您的再次光临！欢迎您再回来体验，祝生活愉快
1965502687,1286148,北京索菲特大酒店,ctrip,2026-05-30T11:09:10,2026-05,,点评达人,发布于湖南,朋友出游,豪华大床房,CN,5,超棒,Cleanliness: 5.0; Location: 5.0; Service: 5.0; Facilities: 5.0,房间舒适，优雅大气，面积很大，床品太软和啦，喜欢这家酒店沐浴露的味道，下次还得来，Ella小姐姐很nice，北京之旅圆满结束啦，回去搬砖再来,,True,0,3,尊敬的宾客：您好！非常感谢您的入住与赞赏！很高兴能为您的出游带来美好的时光。您的赞赏给予酒店很大的鼓舞，也是我们进步的动力，我们会继续保持热忱，致力让每一位宾客享有宾至如归的入住感受，热切期待您的再次光临！欢迎您再回来体验，祝生活愉快
1906085067,1286148,北京索菲特大酒店,ctrip,2026-04-10T19:58:52,2026-04,惠惠小豹子,点评达人,发布于辽宁,家庭亲子,豪华大床房,CN,5,超棒,Cleanliness: 5.0; Location: 5.0; Service: 5.0; Facilities: 5.0,酒店新建 设施非常完善 离地铁7号线步行10分钟左右 到环球影城早晚有直通车 酒店离梨园很近 很多特产都能外卖配送到房间🍰酒店装修很有艺术感 周边没有噪音 床品很舒服 早餐丰富 服务人员热情 周到 各种需求都会尽力协商解决 入住体验感很好٩(•̤̀ᵕ•̤́๑)ᵒᵏᵎᵎᵎᵎ,,True,0,5,尊敬的宾客：您好！非常感谢您的入住与赞赏！很高兴能为您的出游带来美好的时光。您的赞赏给予酒店很大的鼓舞，也是我们进步的动力，我们会继续保持热忱，致力让每一位宾客享有宾至如归的入住感受，热切期待您的再次光临！欢迎您再回来体验，祝生活愉快
1917385603,1286148,北京索菲特大酒店,ctrip,2026-04-20T15:44:01,2026-04,梁茶_666888,点评专家,发布于广东,情侣出游,豪华大床房,CN,5,超棒,Cleanliness: 5.0; Location: 5.0; Service: 5.0; Facilities: 5.0,"这次订索菲特真的是太对了，十分满足我的住店需求，大大的房间，大大的浴缸，干净的环境，舒服的大床，还能看到美美的日落，好开心。
清洁阿姨看到我们带了茶叶，还非常贴心的每天帮我们备多几支水",,True,0,3,尊敬的宾客：您好！非常感谢您的入住与赞赏！很高兴能为您的出游带来美好的时光。您的赞赏给予酒店很大的鼓舞，也是我们进步的动力，我们会继续保持热忱，致力让每一位宾客享有宾至如归的入住感受，热切期待您的再次光临！欢迎您再回来体验，祝生活愉快
1942465943,1286148,北京索菲特大酒店,ctrip,2026-05-09T21:03:09,2026-05,呀呀呀呀呀11234,点评新星,发布于北京,朋友出游,智能优眠家庭客房,CN,5,超棒,Cleanliness: 5.0; Location: 5.0; Service: 5.0; Facilities: 5.0,雅高旗下索菲特不愧五星品质，Aria服务专业贴心，房间干净整洁，出行住宿首选，强烈推荐，入住体验满分，地理位置优越，服务温柔有礼，细节尽显高端奢华，入住超满意！,,True,0,3,尊敬的宾客：您好！非常感谢您的入住与赞赏！很高兴能为您的出游带来美好的时光。您的赞赏给予酒店很大的鼓舞，也是我们进步的动力，我们会继续保持热忱，致力让每一位宾客享有宾至如归的入住感受，热切期待您的再次光临！欢迎您再回来体验，祝生活愉快
1956782387,1286148,北京索菲特大酒店,ctrip,2026-05-22T16:51:00,2026-05,新会陈皮泡茶好,点评达人,发布于广东,朋友出游,豪华双床房,CN,5,超棒,Cleanliness: 5.0; Location: 5.0; Service: 5.0; Facilities: 5.0,两天的行程，第二晚选择了市区索菲特，第一晚在环球住的，索菲特房间很大，但是没有环球新，不过整体还挺好的，离地铁站也近，附近也有吃的，一开始遇到问题，栗经理积极处理帮我们换了房间，还送了水果，整体服务意识很强，下次的话还会选择这里。,,True,0,3,尊敬的宾客：您好！非常感谢您的入住与赞赏！很高兴能为您的出游带来美好的时光。您的赞赏给予酒店很大的鼓舞，也是我们进步的动力，我们会继续保持热忱，致力让每一位宾客享有宾至如归的入住感受，热切期待您的再次光临！欢迎您再回来体验，祝生活愉快
1639839461,1352621,纽约市中心希尔顿酒店(New York Hilton Midtown),ctrip,2025-08-19T05:32:51,2025-08,,点评新星,发布于美国,独自旅行,都市大床房,CN,5,超棒,Cleanliness: 5.0; Location: 5.0; Service: 5.0; Facilities: 5.0,非常感谢酒店给升级的房间，是最满意的房间3306，赠送早餐和下午巧克力甜点，超预期。除此之外，总体感觉今年的前台服务人员比去年好，也有耐心，还是很满意的。所以又立刻续订了天际特大床房，虽然当晚没有特大床房了，但前台服务人员都全力圆满解决了，第二天又换回特大床房，很满意。谢谢💗🌹,,True,0,4,
1936002510,1352621,纽约市中心希尔顿酒店(New York Hilton Midtown),ctrip,2026-05-05T11:44:43,2026-03,,,,商务出差,都市大床房,CN,5,超棒,Cleanliness: 5.0; Location: 5.0; Service: 5.0; Facilities: 5.0,"在纽约出差住这个酒店，整体体验很不错：

1. 交通非常便利
2. 服务响应比较及时
3. 酒店提供了 $70 的 credit，可以用于餐饮消费

下次出差我还会选择入住这里。",,True,0,0,
1711917957,1352621,纽约市中心希尔顿酒店(New York Hilton Midtown),ctrip,2025-10-15T09:04:12,2025-09,GOLDEN AZ,点评达人,发布于北京,情侣出游,城市两张双人床房,CN,5,超棒,Cleanliness: 5.0; Location: 5.0; Service: 5.0; Facilities: 5.0,"设施：还可以吧，看得出建的比较早，但保养的可以，凌晨 12 点办理入住的前台也有人值班

卫生：好
环境：地理位置优越，基本到哪都可以步行

服务：好",,True,0,2,
1968566941,1352621,纽约市中心希尔顿酒店(New York Hilton Midtown),ctrip,2026-06-01T13:48:58,2026-05,Renee023,点评达人,发布于北京,商务出差,城市特大床房,CN,5,超棒,Cleanliness: 5.0; Location: 5.0; Service: 5.0; Facilities: 5.0,酒店环境优雅，卫生做得很到位，各类设施完好齐全。服务人员礼貌又热心，居住体验舒适惬意，是一次愉快的入住。,,True,0,0,
1583092185,1352621,纽约市中心希尔顿酒店(New York Hilton Midtown),ctrip,2025-07-08T04:24:51,2025-05,,点评达人,发布于上海,情侣出游,市景间 - 带1张特大床、无障碍通道和w/RI淋浴,CN,5,超棒,Cleanliness: 5.0; Location: 5.0; Service: 5.0; Facilities: 5.0,非常好哈哈哈哈哈哈哈哈哈哈哈哈哈哈哈哈哈哈哈哈哈哈哈哈哈哈哈哈哈哈哈哈哈哈哈哈哈哈哈哈哈哈哈哈哈哈哈哈哈,,True,0,1,
1550679636,1352621,纽约市中心希尔顿酒店(New York Hilton Midtown),ctrip,2025-06-10T23:11:16,2025-06,Elizabeth Renaud,,,独自旅行,天际特大床房,en,5,超棒,Cleanliness: 5.0; Location: 5.0; Service: 5.0; Facilities: 5.0,"Clean hotel and convenient location. I even got to check in early for a small fee, it was well worth it.",酒店很干净，地理位置也很方便。我甚至支付了一点费用就提前入住了，非常值得。,True,0,2,
1499997211,1352621,纽约市中心希尔顿酒店(New York Hilton Midtown),ctrip,2025-04-29T05:15:42,2025-04,zinnialulu,点评达人,发布于日本,商务出差,都市大床房,CN,5,超棒,Cleanliness: 5.0; Location: 5.0; Service: 5.0; Facilities: 5.0,酒店位置很好，出行方便，离moma第五大道和中央公园都很近。附近很多餐厅可以选择，gossip girl同款步行可达,,True,0,3,
1482985153,1352621,纽约市中心希尔顿酒店(New York Hilton Midtown),ctrip,2025-04-14T11:46:57,2025-04,关东老散人,点评专家,发布于美国,朋友出游,都市特大床房,CN,5,超棒,Cleanliness: 5.0; Location: 5.0; Service: 5.0; Facilities: 5.0,酒店不错，真的在纽约市中心，对面是现代艺术馆MAMA，里卡耐基大厅，中央公园都不远，走着去就行。更重要的是离时代广场，百老汇都很近。,,True,0,2,
1951854383,1352621,纽约市中心希尔顿酒店(New York Hilton Midtown),ctrip,2026-05-18T11:56:18,2026-05,,点评达人,发布于美国,家庭亲子,都市两张双人床房,CN,5,超棒,Cleanliness: 5.0; Location: 5.0; Service: 5.0; Facilities: 5.0,还不错，房间有些老了，没有矿泉水，不过给了消费额度，可以在一楼免费消费,,True,0,0,
1605591502,1352621,纽约市中心希尔顿酒店(New York Hilton Midtown),ctrip,2025-07-25T12:08:21,2025-07,,,,家庭亲子,都市两张双人床房,CN,5,超棒,Cleanliness: 5.0; Location: 5.0; Service: 5.0; Facilities: 5.0,酒店很干净，也很安静，设施便利，酒店地理位置极佳，非常满意的入住体验，会推荐给朋友。有一点小问题，酒店里没有热水壶，想喝口热水不方便。提供沐浴露，洗发水，身体乳，香皂。,,True,2,0,
1186082573,1352621,纽约市中心希尔顿酒店(New York Hilton Midtown),ctrip,2024-07-22T09:13:44,2024-07,阿珊-Cathy,点评专家,发布于美国,家庭亲子,城市特大床房,CN,5,超棒,Cleanliness: 5.0; Location: 5.0; Service: 5.0; Facilities: 5.0,在纽约住过三家酒店，这家是最满意的.走路5分到中央公园，15分钟到博物馆，可以不要打的，不然一天打的费至少100美金。第一个酒店在纽约第39街Holiday inn 酒店，旅行团安排的印象非常差，门口一堆流浪汉和**味儿！房间16个平方，电梯和走廊非常狭小；感觉整个纽约、时代广场都是**的臭味💩！这次定的酒店比前面贵了很多，房间很大，25平方左右，干净整洁，至少门口没有**味儿！早餐也不错，除了经典美式早餐，还多了火腿和煎鸡，不错👌。价格和设施千万不要和国内酒店比 心理才会平衡一些🤗特别花美金的时候不要汇率换算。另外买水和吃饭可以到斜对面的巷子里，附近都要2-3美金一瓶水，斜对面小巷可以买到0.5-1美金的水。同品牌的，还有韩国菜/日本菜/中餐可以选择。,,True,10,5,
1179253581,1352621,纽约市中心希尔顿酒店(New York Hilton Midtown),ctrip,2024-07-15T22:08:24,2024-07,,点评新星,发布于江苏,商务出差,城市特大床房(听觉无障碍),CN,5,超棒,Cleanliness: 5.0; Location: 5.0; Service: 5.0; Facilities: 5.0,纽约希尔顿酒店1963开业，坐落于曼哈顿中心地带洛克菲勒中心，周边遍布各类顶级名牌店，爱马仕、香奈儿、LV等等应有尽有，是女士们的购物天堂！附近还有孩子们最爱的最大的乐高积木商店！离时代广场更是一步之遥！房间数量2042间，曾经是曼哈顿最之名的酒店，等同于上海外滩的和平饭店，很多明星和政要都住过这个酒店！黄金地段的钻石地带！,,True,0,1,
1241800323,1352621,纽约市中心希尔顿酒店(New York Hilton Midtown),ctrip,2024-08-29T03:36:50,2024-08,,,,家庭亲子,天际两张双人床房,en,5,超棒,Cleanliness: 5.0; Location: 5.0; Service: 5.0; Facilities: 5.0,"Superb location and the room was worth the price. Had no issues. WiFi was a bit on the slow side and the gym equipment wasn't quite complete. Otherwise, the AC was sufficient and the room was clean",地理位置绝佳，房间也物有所值。入住期间没有遇到任何问题。无线网络有点慢，健身房的器械也不是很齐全。除此之外，空调很给力，房间也很干净。,True,0,1,
1226470227,1352621,纽约市中心希尔顿酒店(New York Hilton Midtown),ctrip,2024-08-18T22:12:46,2024-08,KR油菜花,点评专家,发布于四川,家庭亲子,天际特大床房,CN,5,超棒,Cleanliness: 5.0; Location: 5.0; Service: 5.0; Facilities: 5.0,位于曼哈顿中城，离中央公园，帝国大厦，百老汇，川普大厦，第五大道这些知名景点都可以不行到达，非常方便。早餐也很好吃，品种也多。,,True,1,3,
1506618937,1352621,纽约市中心希尔顿酒店(New York Hilton Midtown),ctrip,2025-05-04T17:09:54,2025-05,TW56762222TRT100236,点评专家,发布于美国,独自旅行,城市特大床房(听觉无障碍),CN,5,超棒,Cleanliness: 5.0; Location: 5.0; Service: 5.0; Facilities: 5.0,房间较大，没有拖鞋，没有赠饮，停车场比较贵，记得97刀，付款时再看看，但是有自己和SP+合作的停车场，服务正常。,,True,0,0,
1953312317,1352621,纽约市中心希尔顿酒店(New York Hilton Midtown),ctrip,2026-05-19T15:56:02,2026-05,cfyang777,点评达人,发布于美国,独自旅行,都市大床房,CN,5,超棒,Cleanliness: 5.0; Location: 5.0; Service: 5.0; Facilities: 5.0,不错，已经不是第一次选择了,,True,0,0,
1977775017,1352621,纽约市中心希尔顿酒店(New York Hilton Midtown),ctrip,2026-06-08T21:47:18,2026-05,shenghaoyi,点评专家,发布于江苏,家庭亲子,城市两张双人床房,CN,5,超棒,Cleanliness: 5.0; Location: 5.0; Service: 5.0; Facilities: 5.0,满意的，很好的，不错的,,True,0,0,
1174091995,1352621,纽约市中心希尔顿酒店(New York Hilton Midtown),ctrip,2024-07-11T11:52:01,2024-07,,点评达人,发布于美国,商务出差,城市特大床房,CN,5,超棒,Cleanliness: 5.0; Location: 5.0; Service: 5.0; Facilities: 5.0,地理位置优越！在53街和54街之间！吃东西比较方便，去现代艺术馆很近！,,True,0,1,
1118902241,1352621,纽约市中心希尔顿酒店(New York Hilton Midtown),ctrip,2024-05-17T11:32:10,2024-05,孙冠文,点评达人,发布于美国,情侣出游,都市两张双人床房,CN,5,超棒,Cleanliness: 5.0; Location: 5.0; Service: 5.0; Facilities: 5.0,房间与预定订单非常相符，很喜欢这个双床房，这个房间非常好，干净整洁，酒店有行李寄存处，5美元一件行李，非常的方便，很不错。,,True,1,3,
1203448703,1352621,纽约市中心希尔顿酒店(New York Hilton Midtown),ctrip,2024-08-03T06:21:19,2024-07,,,,商务出差,都市特大床房,en,5,超棒,Cleanliness: 5.0; Location: 5.0; Service: 5.0; Facilities: 5.0,Our Stay at NY Hilton MIdtown was absolutely amazing. The staff was helpful and above and beyond accommadating. The breakfast was not only fulfilling but filled with so many incredible options. The dry cleaning credit also allowed for me to take my suits back home cleaned and pressed. Location was perfect. We will only stay here when we travel to NY.,我们纽约希尔顿中城酒店的住宿体验简直太棒了。员工们非常乐于助人，提供的服务超出了我们的预期。早餐不仅丰盛，而且有许多令人惊叹的选择。干洗服务额度也让我的西装在带回家时是干净熨烫好的。地理位置也完美。以后我们去纽约就只住这家酒店了。,True,1,0,
1672590671,1352621,纽约市中心希尔顿酒店(New York Hilton Midtown),ctrip,2025-09-14T22:07:25,2025-09,,点评专家,发布于上海,朋友出游,都市大床房,CN,5,超棒,Cleanliness: 5.0; Location: 5.0; Service: 5.0; Facilities: 5.0,位置很好房间也很大在五十七街区逛街比较方便,,True,0,0,
1124754341,1352621,纽约市中心希尔顿酒店(New York Hilton Midtown),ctrip,2024-05-23T18:40:33,2024-05,Herbert Dubuisson,,,商务出差,都市两张双人床房,en,5,超棒,Cleanliness: 5.0; Location: 5.0; Service: 5.0; Facilities: 5.0,Great trip to our company’s corporate headquarters,公司总部之旅很棒,True,1,1,
1860450101,1352621,纽约市中心希尔顿酒店(New York Hilton Midtown),ctrip,2026-02-27T18:43:24,2026-01,,点评新星,发布于上海,家庭亲子,城市特大床房,CN,5,超棒,Cleanliness: 5.0; Location: 5.0; Service: 5.0; Facilities: 5.0,酒店干净整洁明亮舒适,,True,0,0,
1595535167,1352621,纽约市中心希尔顿酒店(New York Hilton Midtown),ctrip,2025-07-17T14:27:00,2025-07,,点评达人,发布于山东,商务出差,都市两张双人床房,CN,5,超棒,Cleanliness: 5.0; Location: 5.0; Service: 5.0; Facilities: 5.0,交通便利，设施一般，环境好，服务可以,,True,0,0,
1295367663,1352621,纽约市中心希尔顿酒店(New York Hilton Midtown),ctrip,2024-10-18T09:32:48,2024-08,,点评达人,发布于福建,独自旅行,都市大床房,CN,5,超棒,Cleanliness: 5.0; Location: 5.0; Service: 5.0; Facilities: 5.0,地理位置很好，去哪里都方便，预订时想要一周，只能6晚。可能是遇上高峰期，下次来还会继续住。😀😀😀😀,,True,0,0,
1983023293,70492076,洲至奢选杭州华夏之心酒店,ctrip,2026-06-13T15:37:29,2026-06,,点评新星,发布于浙江,商务出差,豪华房超大床,CN,5,超棒,Cleanliness: 5.0; Location: 5.0; Service: 5.0; Facilities: 5.0,房间设施设备齐全，洗漱用品也很不错，房间配备了雨伞，碰上杭州的梅雨季节刚好，房间面积和床都很大大。整体体验很不错，前厅部管家和当天早上的值班经理服务非常棒，帮忙解决了问题，提供了专业的服务。不错的入住体验感😀,,True,0,3,尊敬的宾客：感谢您细致的好评！很高兴您对房间设施、洗漱用品、雨伞配备以及宽敞的面积与床型感到满意。特别感谢您对前厅部管家及值班经理专业服务的认可——能及时帮您解决问题，是我们应尽的职责。期待下次继续为您带来同样舒心的入住体验！
1976245459,70492076,洲至奢选杭州华夏之心酒店,ctrip,2026-06-07T22:03:52,2026-06,Mr_Lim,点评新星,发布于浙江,家庭亲子,豪华房超大床,CN,5,超棒,Cleanliness: 5.0; Location: 5.0; Service: 5.0; Facilities: 5.0,带家人入住酒店，管家提前在房间准备了欢迎水果以及手写的欢迎卡。知道我们带了小朋友，还专门为小朋友准备小礼物以及小朋友的洗漱用品，感谢管家的细致服务。同时房间安排了高楼层，与朋友同一楼层的房间，考虑的很周到。以上让我看到了这位管家暖心而又细节的服务，表扬一下~,,True,0,3,尊敬的宾客：感谢您带家人入住并分享如此温暖的体验！很高兴管家提前准备的欢迎水果、手写卡，以及为小朋友贴心安排的小礼物和洗漱用品，能让您感受到我们的用心。更欣慰高楼层及与朋友同层的房型安排，为您和家人朋友的相聚增添了便利。您的表扬已第一时间传达给管家，我们也将以此为动力，继续为每一位宾客提供暖心而细致的服务。期待下次继续为您创造美好的家庭旅行记忆！
1908074395,70492076,洲至奢选杭州华夏之心酒店,ctrip,2026-04-12T17:42:47,2026-04,,点评达人,发布于上海,家庭亲子,豪华房双床,CN,5,超棒,Cleanliness: 5.0; Location: 5.0; Service: 5.0; Facilities: 5.0,"酒店非常贴心，房间做了升级，设施完善，使用方便，地理位置极佳，边上有美食广场和shopping Mall,有非常多的美食。还送了良渚遗迹公园门票，Sakura服务细致，下次有机会还会入住。",,True,0,3,尊敬的宾客：感谢您如此贴心的好评！很高兴您喜欢升级后的房间、完善的设施以及极佳的地理位置，更感谢您对 Sakura 细致服务的特别表扬。能为您送上良渚遗迹公园门票，为旅途增添一份文化记忆，我们倍感荣幸。期待下次继续为您创造同样温暖而惊喜的入住体验！
1974738295,70492076,洲至奢选杭州华夏之心酒店,ctrip,2026-06-06T15:26:38,2026-06,,点评新星,发布于上海,商务出差,单卧套房超大床,CN,5,超棒,Cleanliness: 5.0; Location: 5.0; Service: 5.0; Facilities: 5.0,整个入住体验下来都很不错😄管家积极主动且专业的态度是整个体验中的亮点，在电话中提了一句想要安静一点的房间，管家立马响应服务要求，安排了远离电梯高楼层的房间，很是贴心！下次入住还会选择这家酒店，服务真的超棒！,,True,0,3,尊敬的宾客：感谢您的满分好评与真诚分享！很高兴您对整体的入住体验感到满意，尤其欣慰管家积极主动且专业的服务态度，能迅速响应您对安静房间的需求并贴心安排。您的“下次还会选择”是对我们最大的鼓励，期待再次为您带来同样超棒的服务体验！
1976308171,70492076,洲至奢选杭州华夏之心酒店,ctrip,2026-06-07T23:06:55,2026-05,,点评新星,发布于浙江,朋友出游,单卧套房超大床,CN,5,超棒,Cleanliness: 5.0; Location: 5.0; Service: 5.0; Facilities: 5.0,"酒店环境很不错，这次入住的套房景观很好，房间宽敞。
早餐品种丰富，味道不错
酒店前台和服务中心服务很好，热情周到",,True,0,2,尊敬的宾客：感谢您的认可与好评！很高兴您对套房景观、房间宽敞度、早餐品质以及前台和服务中心的热情周到服务感到满意。期待下次继续为您带来同样愉快的入住体验！
1887485367,70492076,洲至奢选杭州华夏之心酒店,ctrip,2026-03-25T20:58:27,2026-03,,点评新星,发布于广东,朋友出游,豪华房双床,CN,5,超棒,Cleanliness: 5.0; Location: 5.0; Service: 5.0; Facilities: 5.0,酒店位于余杭区，离EFC和杭州西站很近，非常方便，房间设施设备维护得很好，酒店整体不是很明亮的灯光，氛围感十足都很好，工作人员也很贴心，房间升级到了套房，非常开心，泳池健身房人很少，这点非常好，体验拉满，最后再次表扬一下服务都非常好，客房服务员很热情，前台和餐厅服务也极其贴心，后续还会考虑入住。,,True,1,8,尊敬的宾客：感谢您如此细致地分享这次“体验拉满”的入住时光！从余杭区的便利位置、套房升级的惊喜，到泳池健身房的静谧氛围——您字里行间的满意，是对我们团队最温暖的褒奖。特别感谢您对客房、前台及餐厅服务的连环表扬，这份认可已化作同事们眉梢的笑意与心间的动力。您提到的“灯光氛围感十足”与“设施维护完好”，正是我们默默守护的日常追求。
1984669657,70492076,洲至奢选杭州华夏之心酒店,ctrip,2026-06-14T19:46:30,2026-06,,点评达人,发布于上海,商务出差,豪华房超大床,CN,5,超棒,Cleanliness: 5.0; Location: 5.0; Service: 5.0; Facilities: 5.0,非常适合出差人士的酒店！强烈安利！物品摆放的非常整齐，设施齐全，配备了四个枕头，还有其他枕头也可以选择。房间安排的很不错，没有临街，很是安静。感谢前厅部管家的周到服务[呲牙],,True,0,3,尊敬的宾客：感谢您作为出差人士的强烈安利！很高兴您对物品摆放的整齐、齐全的设施（尤其是多枕头选择）、安静的房间安排以及前厅部管家的周到服务感到满意。您的认可是我们前行的动力，期待下次继续为您提供同样优质的入住体验！
1884124249,70492076,洲至奢选杭州华夏之心酒店,ctrip,2026-03-22T18:50:24,2026-03,,点评新星,发布于浙江,朋友出游,豪华房双床,CN,5,超棒,Cleanliness: 5.0; Location: 5.0; Service: 5.0; Facilities: 5.0,这次入住很满意，地理位置加分，离地铁和商场都非常近，出门很方便。房间干净，床品舒服，休息得很好。服务态度很好，整体物有所值，个人比较推荐。,,True,0,4,尊敬的宾客：感谢您的推荐与认可！很高兴酒店的地理位置、房间卫生及服务态度能为您带来物超所值的体验，您的满意是我们最大的动力。期待下次继续以舒适与便捷迎接您的到来！
1933720335,70492076,洲至奢选杭州华夏之心酒店,ctrip,2026-05-03T19:17:52,2026-05,,点评达人,发布于浙江,其他,豪华房超大床,CN,5,超棒,Cleanliness: 5.0; Location: 5.0; Service: 5.0; Facilities: 5.0,房间很不错，给我升级了，没想到是套房，真的很不错，床品，房间的布置都很舒服！,,True,0,2,尊敬的宾客：感谢您的满分好评！很高兴您惊喜于升级后的套房，并对床品与房间布置感到舒适满意。您的认可是我们最大的动力，期待下次继续为您带来同样美好的入住体验！
1921924341,70492076,洲至奢选杭州华夏之心酒店,ctrip,2026-04-24T14:24:05,2026-04,Penelope Pan,点评专家,发布于浙江,独自旅行,豪华房超大床,CN,5,超棒,Cleanliness: 5.0; Location: 5.0; Service: 5.0; Facilities: 5.0,"酒店设施很完善
交通方便附近餐厅也多
六楼豫钱塘胡辣汤非常好喝
前台小姐姐也很可爱
下次还住",,True,0,4,尊敬的宾客：感谢您的喜爱与支持！很高兴您对酒店设施、交通位置及周边餐饮表示认可，尤其开心您喜欢六楼豫钱塘的胡辣汤，这碗地道风味能得到您的称赞，我们倍感荣幸。前台小姐姐的可爱与热情也因您的肯定而更有意义。期待您下次继续选择我们，再为您奉上温暖的入住体验！
1879533697,70492076,洲至奢选杭州华夏之心酒店,ctrip,2026-03-18T11:03:47,2026-03,,点评新星,发布于江苏,独自旅行,豪华房超大床,CN,5,超棒,Cleanliness: 5.0; Location: 5.0; Service: 5.0; Facilities: 5.0,酒店位置很好，出行方便，服务水平也很高，房间也挺大的，干净又整洁，早餐种类丰富，下次来杭州还会入住！,,True,0,3,尊敬的宾客：感谢您细致分享此次入住体验！您对酒店位置、服务水准、房间宽敞度、卫生清洁及早餐丰富性的全面认可，让我们倍感荣幸。很高兴杭州之行能为您留下美好记忆，我们已认真记录您的偏好，期待下次重逢时继续以同样高品质的服务迎接您的归来！
1877647433,70492076,洲至奢选杭州华夏之心酒店,ctrip,2026-03-16T16:26:27,2026-03,求带的小爱,点评达人,发布于北京,商务出差,豪华房超大床,CN,5,超棒,Cleanliness: 5.0; Location: 5.0; Service: 5.0; Facilities: 5.0,交通便利周边就是商圈和小食街，房间装修轻奢风格，简单舒服，干净卫生，前台员工热情友善，是一次完美的旅程,,True,1,9,尊敬的宾客：感谢您用“完美旅程”定义这次入住体验！您对交通便利性、轻奢设计风格、卫生细节及前台服务的全面认可，让我们倍感荣幸。能成为您探索周边商圈与小食街的舒适据点，是我们最开心的事。期待下次继续以简约温暖的风格，为您创造更多完美瞬间！
1948001639,70492076,洲至奢选杭州华夏之心酒店,ctrip,2026-05-14T21:44:25,2026-03,,点评新星,发布于浙江,朋友出游,豪华房双床,CN,5,超棒,Cleanliness: 5.0; Location: 5.0; Service: 5.0; Facilities: 5.0,整酒店位置优越、环境干净整洁，前台服务热情周到，办理入住退房都很快。房间设施齐全、床品舒服，隔音也很好，住着特别安心，性价比很高，下次来还会选择这家，推荐入住！,,True,0,1,尊敬的宾客：感谢您的细致好评与真诚推荐！从优越的位置、整洁的环境、热情高效的前台服务，到齐全的设施、舒适的床品与安心的隔音——您字里行间的认可，是对我们最大的鼓励。期待下次继续为您提供同样高性价比的入住体验！
1851513227,70492076,洲至奢选杭州华夏之心酒店,ctrip,2026-02-21T15:57:25,2026-02,Maxxie XY,点评达人,发布于江苏,家庭亲子,豪华房双床,CN,5,超棒,Cleanliness: 5.0; Location: 5.0; Service: 5.0; Facilities: 5.0,"已经是第二次入住了
很喜欢这家酒店
精品酒店的感觉
春节期间人也不是很多
房间做了升级，面积很大
床品也很舒适",,True,1,5,尊敬的宾客：感谢您再次选择我们酒店，并分享如此温暖的评价！作为重逢的老朋友，您的喜爱是我们最珍贵的礼物。很高兴您感受到精品酒店的独特氛围，更欣慰春节期间的升级房型、宽敞空间与舒适床品能为您延续美好的入住记忆。
1880114909,70492076,洲至奢选杭州华夏之心酒店,ctrip,2026-03-18T18:59:07,2026-03,,点评达人,发布于内蒙古,家庭亲子,豪华房双床,CN,5,超棒,Cleanliness: 5.0; Location: 5.0; Service: 5.0; Facilities: 5.0,酒店非常棒，前台小姐姐超级温柔，房间卫生也特别好，非常满意这家酒店！！,,True,0,3,尊敬的宾客：感谢您用双倍的“非常满意”为我们注入满满的动力！您对前台小姐姐温柔服务的认可、对房间卫生细节的肯定，正是我们团队日复一日坚守的初心。您的鼓励已第一时间传达给前台与客房部，她们将因这份认可而倍感温暖。期待下次重逢时，继续以温柔与洁净拥抱您的每一次归来！
1895305973,70492076,洲至奢选杭州华夏之心酒店,ctrip,2026-04-01T18:10:55,2026-03,,点评达人,发布于河南,其他,豪华房超大床,CN,5,超棒,Cleanliness: 5.0; Location: 5.0; Service: 5.0; Facilities: 5.0,这家酒店位置很便利，紧邻杭州西站，出行交通非常省心。房间内的设施设备维护得不错，健身房体验也很好。尤其值得一提的是服务人员，前台很热情，见面都会主动问好，响应速度也很快，整体性价比挺高的。,,True,0,3,尊敬的宾客：感谢您的好评！很高兴酒店紧邻杭州西站的便利位置、完善的设施及健身房体验能让您满意，更欣慰前台热情主动的服务为您留下了深刻印象。您的认可与高性价比评价是我们前行的动力，期待下次继续为您提供省心舒适的入住体验。
1949648633,70492076,洲至奢选杭州华夏之心酒店,ctrip,2026-05-16T14:57:11,2026-05,,点评新星,发布于浙江,朋友出游,豪华房超大床,CN,5,超棒,Cleanliness: 5.0; Location: 5.0; Service: 5.0; Facilities: 5.0,周边就是美塘广场，有很多好吃好玩的地方。前台接待很热情，Lucas帮忙协调了房型升级，两个人住的很舒适，下次还会再来۶•͈⚇•͈♡,,True,0,1,尊敬的宾客：感谢您的喜爱与认可！很高兴酒店周边的美瑭广场为您提供了丰富的吃喝玩乐选择，更欣慰前台Lucas的热情协调与房型升级让您和同伴住得舒适。期待下次继续为您带来同样愉快的入住体验！
1750690151,70492076,洲至奢选杭州华夏之心酒店,ctrip,2025-11-14T16:47:36,2025-11,Serena 丁丁丁,点评达人,发布于浙江,商务出差,豪华房超大床,CN,5,超棒,Cleanliness: 5.0; Location: 5.0; Service: 5.0; Facilities: 5.0,"设施：干净整洁房间宽敞明亮，酒店有游泳和spa很方便。

服务：服务很好也很周到，会帮忙打印文件。

环境：整体装修和环境都很好。推荐入住！",,True,0,4,尊敬的宾客：感谢您的真诚推荐与细致分享！很高兴您对酒店的设施（尤其是泳池与SPA的便利性）、周到服务（文件打印等细节）及整体环境感到满意，这正是我们始终追求的服务标准。您的认可让我们倍感鼓舞，期待下次继续为您创造同样完美的入住体验！祝您生活愉快，万事顺心！
1969981551,70492076,洲至奢选杭州华夏之心酒店,ctrip,2026-06-02T13:35:43,2026-05,,点评新星,发布于内蒙古,独自旅行,豪华房超大床,CN,5,超棒,Cleanliness: 5.0; Location: 5.0; Service: 5.0; Facilities: 5.0,房间和床都超级无敌大 位置也很好离地铁站不远旁边就是商场有很多吃的！Shirley管家回答问题很有耐心，服务周到还送了欢迎水果和手写卡，很贴心哟～很好的杭州体验 出差可选！,,True,0,0,尊敬的宾客：感谢您超级无敌暖心的好评！很高兴“超级无敌大”的房间和床能让您舒展身心，优越的位置与周边商场更添便利。特别感谢您对管家 Shirley 耐心服务、手写卡及欢迎水果的细致认可——她的贴心是我们团队的缩影，您的鼓励已第一时间传达。期待下次出差或旅行时，继续为您带来同样难忘的杭州体验！
1669475351,70492076,洲至奢选杭州华夏之心酒店,ctrip,2025-09-12T10:42:31,2025-08,权志龙的J,点评达人,发布于广东,家庭亲子,豪华房双床,CN,5,超棒,Cleanliness: 5.0; Location: 5.0; Service: 5.0; Facilities: 5.0,"杭州的末章，悄然写于城央一隅——洲至奢选酒店，毗邻亲友居所，亦成为此行中一段静雅注脚。

酒店隐于繁华，却未远离尘嚣。信步可达多处商厦与街巷，餐饮、购物、闲趣，皆在咫尺之间，市声近而心境远。

推门入室，便落进一片宽澈澄明。空间不语，却以当代笔触勾勒从容，器物的排布皆可见其品味的沉淀。卧榻温柔，承托一日漫游的倦意。最是浴室一角，藏着由Byredo铺陈的嗅觉诗篇——清冷中藏着一丝温柔，沐浴时分，恍若置身谧静之地。

虽偶生微澜，但服务之暖终将点滴熨平。客房侍应细致相待，言笑温煦，应答如风。临别时，经理携礼致歉，语息真诚，教人看见了一家酒店于标准之外的性情。

如是，这居停不再只是途经之所，更成了愿再次回望的杭州记忆。下次来时，仍愿借宿此间，与熟悉的味道、光线与人情，淡淡地，再会",,True,1,3,尊敬的宾客：感谢您以诗意的笔触描绘这段居停时光，您笔下的洲至奢选仿佛一卷杭城写意画，令我们深感荣幸。酒店致力于在繁华中为旅人辟一方静谧之境。愿下次再会时，仍是熟悉的味道、光线与人情，一如故人归。
1857682203,70492076,洲至奢选杭州华夏之心酒店,ctrip,2026-02-25T17:20:26,2026-02,,点评专家,发布于上海,商务出差,豪华房超大床,CN,5,超棒,Cleanliness: 5.0; Location: 5.0; Service: 5.0; Facilities: 5.0,推荐这家酒店！位置优越，杭州西站边上，步行可达，交通出行十分便利。接待人员笑容亲切，办理流程顺畅快速。服务很好很贴心，房间室内布局合理，采光通风俱佳。卫生清洁工作做得非常到位，无任何死角。全程体验感很好，值得再次光顾👍,,True,1,0,尊敬的宾客：感谢您的用心推荐与满分好评！您对酒店位置便利性、接待效率、房间布局及卫生细节的全面认可，让我们倍感鼓舞。很高兴每一步体验都能为您留下深刻印象，更欣慰“值得再次光顾”成为您对我们的评价。期待与您再次相遇，祝旅途始终顺畅舒心！
1930702517,70492076,洲至奢选杭州华夏之心酒店,ctrip,2026-05-01T14:40:24,2026-04,,点评专家,发布于浙江,商务出差,豪华房双床,CN,5,超棒,Cleanliness: 5.0; Location: 5.0; Service: 5.0; Facilities: 5.0,"这个酒店整体挺好的，前台服务的接待以及退房时的美女都很棒，服务态度优秀，又帅又美又耐心的服务。
房间也可圈可点。符合可推荐酒店。",,True,0,0,尊敬的宾客：感谢您的好评与推荐！很高兴您对前台接待及退房团队的服务感到满意，他们的专业与耐心是我们团队的缩影。同时感谢您对房间的认可，期待下次继续为您提供同样优质的入住体验！
1581189149,70492076,洲至奢选杭州华夏之心酒店,ctrip,2025-07-06T15:41:32,2025-07,,点评专家,发布于浙江,家庭亲子,豪华房双床,CN,5,超棒,Cleanliness: 5.0; Location: 5.0; Service: 5.0; Facilities: 5.0,酒店地理位置优越，靠近商场，房间设施齐全，卫生干净整洁，床铺舒适。前台服务周到，员工热情细心，服务态度专业，强烈推荐！酒店地理位置优越，靠近商场，房间设施齐全，卫生干净整洁，床铺舒适。前台服务周到，员工热情细心，服务态度专业，强烈推荐！,,True,1,1,尊敬的宾客：感谢您的推荐与肯定！很高兴您对酒店的地理位置、房间设施及卫生标准感到满意，尤其是前台团队的专业服务为您留下了深刻印象。您的支持是我们前进的动力，我们将继续保持高品质服务，期待下次为您带来更完美的入住体验！祝您生活愉快！
1597950063,70492076,洲至奢选杭州华夏之心酒店,ctrip,2025-07-19T14:23:56,2025-07,AIRORANGE,点评达人,发布于浙江,其他,豪华房超大床,CN,5,超棒,Cleanliness: 5.0; Location: 5.0; Service: 5.0; Facilities: 5.0,临时订的这家酒店，酒店设施都很新，卫生状况很好，前台Vivi服务专业，办理入住速度快，能主动照顾到客人对房间的需求非常满意的一次体验！向酒店服务团队表达感谢。下次来杭州还会选择这家酒店。,,True,1,1,尊敬的宾客：感谢您的用心评价！很高兴您在临时预订的情况下依然收获完美体验——从全新设施到细致卫生，再到Vivi高效专业的服务，每个细节都能让您满意，是我们最大的欣慰。您对前台主动关注需求的肯定，正是我们“预见式服务”追求的标杆。
1641087093,70492076,洲至奢选杭州华夏之心酒店,ctrip,2025-08-19T20:08:28,2025-08,,点评达人,发布于广东,商务出差,豪华房超大床,CN,5,超棒,Cleanliness: 5.0; Location: 5.0; Service: 5.0; Facilities: 5.0,前台服务很好，细心又专业，房间挺新的，住起来很舒服，早餐种类也很丰富。酒店旁边就是商场，地铁也很近，很方便！,,True,1,3,尊敬的宾客：感谢您的用心分享！很高兴您对前台的专业服务、房间的舒适度及早餐品质感到满意，更欣慰酒店的便捷位置为您的行程增添了便利。您的认可已传达至团队。期待下次继续为您提供超越期待的体验！
